JC Organization ID,Medicare CCN
439016,670049
460603,670044
458869,670043
457299,670041
448901,670034
423956,670023
440118,670019
428526,670010
470430,670005
1436,534004
56147,530032
9348,530025
2288,530019
4685,530015
9341,530014
9339,530012
9352,530011
9346,530010
9353,530008
9354,530006
3156,524018
1661,524008
1635,524002
3407,524000
413499,520202
385086,520198
327288,520193
228428,520189
7718,520177
7618,520173
7643,520156
7622,520151
7615,520148
7651,520146
7719,520139
7675,520138
7674,520136
7692,520134
7698,520117
7713,520116
5306,520113
4437,520109
7658,520107
7662,520103
7634,520102
7620,520100
7656,520098
7639,520097
7695,520096
7722,520091
7699,520090
7653,520089
7635,520088
7649,520087
7628,520084
7655,520083
7673,520078
3645,520076
7640,520075
7632,520070
7644,520066
7720,520063
7685,520062
7621,520060
7623,520059
7708,520058
7619,520057
7677,520051
7689,520048
157387,520045
319061,520045
7703,520044
3751,520042
3742,520041
7641,520038
7661,520037
7704,520035
3840,520034
4447,520033
3974,520032
7717,520030
7680,520028
7691,520027
7716,520025
7646,520021
4923,520019
7626,520017
7664,520015
7633,520013
7697,520011
7700,520010
7617,520009
7714,520008
7650,520004
7663,520003
7706,520002
1550,514009
6433,514008
3198,514001
6447,510088
6436,510085
6463,510077
6446,510072
6417,510071
6416,510070
6452,510068
6415,510062
6448,510058
6432,510055
6419,510053
6462,510050
6439,510048
2860,510047
6451,510046
4032,510039
6461,510038
6421,510031
6426,510030
6456,510029
2863,510028
6443,510024
6459,510023
6420,510022
6454,510018
6440,510015
6428,510013
2414,510012
6442,510008
6434,510007
6424,510006
6444,510001
9628,504009
280328,504008
3153,504004
1630,504003
3172,504002
9645,503301
9614,503300
408593,500150
9649,500129
9594,500124
9635,500119
9632,500118
9648,500108
9610,500088
9609,500079
9637,500077
9605,500072
9608,500065
9617,500064
9611,500058
9581,500057
9638,500054
9593,500053
9652,500050
9636,500044
9596,500041
9576,500039
9659,500036
2868,500031
9574,500030
9625,500027
9629,500026
367367,500025
9601,500024
471133,500021
4721,500019
9656,500016
9572,500015
9590,500014
9658,500012
9613,500011
9626,500008
9627,500005
9654,500002
9621,500001
1729,494025
3144,494023
1909,494022
3196,494017
3145,494010
3146,494001
6359,493301
475679,490140
417829,490136
1115,490135
3241,490134
6355,490130
5181,490127
6332,490126
5157,490123
6321,490122
6331,490120
6379,490118
6406,490117
6372,490116
6342,490115
6325,490114
124600,490112
6412,490111
6330,490110
5295,490107
1142,490106
1220,490105
6337,490101
4456,490098
2071,490097
6383,490094
4143,490092
6336,490090
6393,490089
3646,490088
4755,490084
6350,490079
6385,490069
6368,490067
6351,490063
6374,490060
6387,490059
13492,490053
6354,490052
6323,490050
6391,490048
6348,490047
6349,490045
6347,490043
6373,490042
6353,490041
6319,490040
3795,490038
6352,490037
2415,490033
6381,490032
4150,490031
281518,490024
6404,490023
6340,490022
3210,490021
3900,490020
6334,490019
4966,490018
6370,490017
6395,490013
6366,490012
6329,490009
6408,490005
6346,490002
352751,480001
5489,470024
5481,470012
5488,470005
5483,470003
5479,470001
1338,464009
1670,464001
3315,463301
179875,460052
9542,460047
5045,460044
9524,460042
130162,460030
9538,460026
9523,460023
9539,460021
9525,460017
9529,460015
370097,460014
9535,460013
9536,460011
9540,460010
9544,460009
9526,460007
9532,460006
9533,460005
9534,460004
9537,460001
127395,454093
5066,454085
3126,454084
3220,454083
3130,454081
5280,454076
1656,454069
1414,454065
1537,454064
1484,454063
1407,454060
1379,454050
3140,454018
3138,454014
1817,454012
1584,454011
1583,454009
3141,454008
1633,454006
3129,454000
9102,453304
8996,453302
8984,453301
9051,453300
404205,450890
401051,450885
416318,450883
392462,450880
383406,450869
386162,450867
386160,450865
372721,450860
361012,450855
352285,450853
346643,450851
5220,450848
9121,450847
331905,450844
337941,450840
292766,450833
281790,450832
316012,450830
244956,450828
241951,450827
155410,450822
77197,450809
56784,450804
9280,450803
50595,450801
33821,450788
389,450780
5065,450779
5009,450775
353008,450774
4989,450771
4914,450766
4898,450747
4870,450743
9122,450742
8968,450730
9010,450723
9144,450718
5234,450716
8926,450713
9273,450711
5205,450709
5191,450702
9248,450690
9164,450688
9146,450686
9111,450684
8999,450678
9119,450677
8933,450675
9106,450674
9045,450672
9136,450669
9029,450668
4837,450662
9093,450659
4831,450656
8952,450653
9197,450651
9008,450647
9104,450644
9132,450643
8948,450639
9082,450638
9019,450634
9259,450617
9092,450610
9052,450604
5110,450596
8931,450591
8960,450587
9115,450573
9208,450571
9170,450565
9069,450563
8919,450558
9193,450539
9201,450537
9172,450508
9153,450484
9073,450475
9229,450469
4698,450465
9012,450462
8990,450447
8938,450431
9003,450422
8942,450419
9159,450403
9165,450400
196707,450395
8934,450389
9219,450388
289900,450381
9007,450379
9257,450372
8963,450362
9070,450352
9232,450351
9108,450347
9206,450340
4765,450330
9018,450324
8961,450299
8976,450296
9116,450292
9085,450289
9059,450280
9226,450272
5189,450271
51096,450239
9218,450237
8917,450229
8980,450222
2848,450221
9264,450214
9216,450213
9154,450211
8967,450210
8924,450209
9258,450203
9245,450200
9184,450196
9112,450194
9076,450192
4897,450187
16548,450177
9168,450176
9117,450165
9125,450163
9149,450162
9017,450154
2061,450152
8975,450148
9255,450147
9040,450137
9044,450135
9179,450132
9214,450130
9262,450128
8936,450124
165665,450119
9033,450107
9227,450104
9251,450102
9256,450101
9183,450099
9186,450097
275040,450092
9043,450087
9250,450083
8949,450082
9274,450080
9109,450079
9053,450072
9081,450068
8930,450064
9209,450058
8939,450056
9235,450055
9241,450054
9006,450051
8985,450046
9013,450044
2147,450042
266567,450040
9048,450039
9143,450037
8947,450034
9072,450033
9157,450032
9133,450029
8959,450028
9027,450024
8993,450021
9058,450018
8997,450015
8962,450011
190900,450010
9123,450007
9030,450002
3179,444014
3122,444008
1646,444004
1571,444002
3124,444001
7849,443303
384322,440227
5198,440200
7890,440197
5174,440194
5219,440193
7909,440192
7840,440189
7860,440187
7819,440185
5028,440184
2659,440183
7867,440182
7804,440181
7921,440180
7847,440176
7855,440175
7807,440174
7851,440173
7905,440168
7888,440161
7875,440159
7815,440156
58983,440153
2399,440152
7870,440152
7866,440151
7806,440150
7923,440148
167713,440145
7913,440144
7858,440143
7810,440142
74910,440141
4502,440137
7884,440133
7898,440132
7823,440131
7914,440130
7850,440125
7852,440120
7838,440115
7886,440111
7862,440110
7903,440109
7809,440104
4621,440102
7813,440091
165957,440084
7841,440083
7891,440082
4132,440081
7820,440073
4049,440072
225577,440070
7803,440068
7882,440067
7910,440065
7907,440064
7844,440063
7864,440061
7880,440060
7821,440059
3796,440058
3699,440057
7842,440056
3942,440054
7883,440053
7904,440051
7835,440050
7874,440049
7869,440048
7912,440047
7826,440046
7892,440039
7817,440035
7895,440034
3915,440033
7902,440032
7836,440031
7881,440030
7830,440029
2164,440025
7899,440020
7828,440018
7845,440017
7920,440016
7853,440015
7805,440012
7865,440011
7917,440010
7824,440009
7859,440008
7887,440006
7832,440003
4717,440002
4245,440001
313414,430095
8463,430077
8471,430027
8470,430016
8462,430015
8459,430013
4540,430012
1841,424011
1797,424010
3121,424003
413942,420101
360250,420098
35513,420091
71400,420089
6585,420087
6590,420086
6616,420085
6625,420083
4855,420082
6607,420080
4840,420079
788,420078
6605,420071
6628,420070
6578,420067
6586,420065
6619,420062
163302,420055
6580,420054
6620,420053
6599,420051
3633,420048
6601,420043
6630,420039
4935,420038
6610,420036
6631,420030
6576,420027
6603,420023
6602,420020
3697,420019
6588,420018
6577,420016
6597,420015
6606,420010
3932,420009
6595,420005
6584,420004
6623,420002
3304,414003
5649,410012
4906,410011
5654,410008
5651,410007
5646,410006
5647,410005
5652,410004
5648,410001
1542,404004
401441,400128
82015,400124
4987,400120
5265,400114
5221,400112
34319,400110
5383,400109
5387,400106
5401,400105
5379,400103
255940,400087
4884,400079
5381,400061
4872,400048
5400,400044
5382,400032
5398,400022
5404,400021
5410,400019
413961,400018
5390,400016
5406,400015
5395,400014
427434,400013
5393,400005
5391,400004
432303,400003
5405,400001
1592,394043
3108,394038
3106,394034
3113,394033
3116,394023
3114,394008
3115,394007
252453,393307
6123,393303
6160,393302
190813,390314
373878,390304
252452,390290
6223,390270
6023,390268
2397,390267
4409,390265
6017,390263
6087,390258
6075,390256
3695,390246
6193,390237
3844,390233
6013,390231
6143,390226
6059,390225
6145,390223
6103,390222
6219,390220
6090,390219
6108,390217
6199,390211
6139,390204
4565,390203
6054,390201
6018,390197
439412,390195
3823,390194
6104,390192
4408,390183
6039,390180
6217,390179
6132,390174
6169,390164
6053,390162
6033,390160
455166,390157
6049,390156
439413,390153
6038,390151
474004,390150
6106,390147
6067,390145
6118,390142
6030,390139
6214,390138
6222,390137
4880,390133
6157,390127
6178,390123
6194,390119
6063,390117
267485,390116
6125,390115
6163,390114
6129,390111
6081,390110
6168,390107
6172,390102
6086,390100
6088,390096
5117,390091
6175,390090
6051,390086
6050,390081
6131,390080
6189,390079
6043,390076
6019,390073
2477,390072
2409,390071
6027,390070
355368,390068
6091,390066
6066,390065
6060,390063
6188,390062
312097,390061
6037,390058
6196,390057
6076,390056
6158,390050
6024,390049
6096,390048
6228,390046
6226,390045
6220,390044
6216,390043
6213,390042
6208,390041
6197,390037
6022,390036
6182,390035
6204,390032
6179,390031
6180,390030
6166,390028
6152,390027
6115,390019
6110,390016
6089,390012
6061,390009
6048,390006
6032,390004
6098,390002
6191,390001
3104,384008
464345,380102
4858,380091
9667,380090
9722,380089
9688,380082
9687,380075
9685,380071
9721,380070
9704,380061
9703,380060
9719,380056
9692,380052
9715,380051
9666,380047
9709,380040
9693,380038
9689,380037
9681,380035
464346,380033
399183,380029
9712,380027
9676,380025
9678,380021
9718,380020
5060,380013
9707,380009
81336,380007
9705,380004
9720,380001
1719,374020
1538,374016
3416,374000
493546,370229
399060,370218
374288,370216
382470,370211
243786,370202
5064,370190
8832,370173
8909,370114
8849,370113
8880,370106
8859,370097
8876,370094
201590,370093
8908,370091
8857,370056
8823,370047
8860,370043
8879,370037
8825,370030
8834,370029
8872,370028
8845,370026
8865,370025
8839,370023
8818,370022
8817,370020
8842,370019
8844,370016
8892,370015
8840,370014
8877,370013
8868,370008
8890,370006
8863,370004
8915,370002
8907,370001
1801,364038
271602,364036
3093,364029
473524,364027
208270,364023
3095,364011
7033,363306
7021,363305
2416,363304
6963,363303
6986,363300
475684,360354
481633,360352
440538,360348
435173,360274
390358,360266
7107,360262
342054,360259
312671,360257
6969,360236
6994,360234
7019,360230
7082,360218
7085,360213
2180,360212
134080,360211
7039,360210
6980,360203
7115,360195
6983,360192
7064,360189
7096,360185
7001,360180
6985,360179
7124,360175
7112,360174
76676,360172
6998,360170
6987,360163
7116,360161
7046,360156
6975,360155
6970,360154
6973,360153
7022,360152
7076,360148
7043,360145
7016,360144
7049,360143
7128,360141
7017,360137
6991,360134
7122,360129
6967,360125
5199,360123
6977,360121
7067,360118
7051,360116
7090,360114
6995,360113
7110,360112
4239,360109
6974,360107
4750,360106
7088,360098
7042,360096
7044,360095
7074,360091
7104,360089
7008,360087
7100,360086
7029,360085
6981,360084
7002,360082
7108,360081
2452,360080
7094,360078
7004,360077
7075,360076
475854,360075
3920,360074
7060,360072
7114,360071
6982,360070
7120,360069
7111,360068
7062,360066
7127,360064
3771,360059
7020,360058
4863,360056
7118,360055
7048,360054
7034,360052
7035,360051
7105,360048
7031,360042
7010,360041
7079,360040
265110,360037
7125,360036
7025,360035
6976,360029
6961,360027
6964,360020
4669,360019
6992,360016
6968,360014
7026,360012
7071,360011
7061,360009
4753,360008
7030,360006
6988,360003
6966,360002
6993,360001
229376,354004
3170,354003
303102,350070
8425,350030
8434,350019
8448,350017
8419,350015
8430,350011
8438,350009
8443,350006
8426,350003
8420,350002
3197,344014
1606,344004
3082,344003
1610,344002
6562,340184
6481,340166
2075,340160
4686,340159
6545,340158
6492,340155
6540,340151
6542,340147
6523,340145
6553,340144
6509,340143
6529,340142
6566,340141
6564,340133
6508,340132
6532,340131
4183,340130
6528,340129
2076,340127
6567,340126
6467,340123
6550,340121
6517,340120
6465,340119
6511,340116
6534,340115
6538,340114
6480,340113
6547,340111
6493,340109
6555,340107
6507,340106
6464,340099
6482,340098
3878,340097
6521,340096
6504,340091
6548,340090
6473,340088
6525,340087
6557,340085
3630,340084
6530,340075
6536,340073
6516,340072
6489,340071
4681,340070
6537,340069
6563,340068
4365,340065
6533,340064
6478,340061
6483,340053
6472,340051
4141,340050
6571,340047
6551,340044
6515,340042
6520,340041
6506,340040
6554,340039
6561,340038
6518,340037
6524,340036
6500,340032
6490,340030
6495,340028
4788,340027
4727,340024
6497,340023
4736,340021
6546,340020
6558,340018
2854,340016
6544,340015
6569,340014
6543,340013
6552,340011
6501,340010
3752,340008
6513,340004
6531,340003
6468,340002
6487,340001
3057,334058
1617,334054
1625,334053
3288,334053
1616,334052
1364,334049
3069,334048
1622,334046
1627,334045
3055,334027
1624,334015
1614,334013
1619,334012
1623,334003
3064,334002
1613,334001
5835,330399
5736,330397
5246,330396
5763,330395
5789,330394
5188,330393
2435,330386
5811,330385
2835,330372
5767,330353
5737,330350
5868,330340
5716,330332
5849,330331
5720,330316
4376,330314
5783,330307
5735,330306
5902,330304
5898,330286
5856,330285
2357,330279
3789,330277
5748,330273
5817,330270
57583,330268
5848,330267
5755,330264
2843,330263
5846,330261
5857,330259
3713,330249
5852,330246
5814,330240
5788,330239
5756,330238
5724,330236
4782,330235
2518,330234
4379,330233
74238,330232
5786,330231
4781,330226
3935,330225
5791,330224
5799,330223
5738,330221
2590,330219
4037,330218
5820,330214
3929,330213
5904,330208
5892,330205
1497,330204
3058,330202
5730,330201
5827,330199
5843,330198
5725,330196
5806,330195
5734,330194
5765,330193
5772,330191
5840,330188
5851,330185
5807,330184
5860,330182
5771,330181
3908,330177
4785,330175
5808,330169
5801,330167
2872,330164
5803,330162
4979,330160
5876,330158
5893,330157
2839,330153
4754,330151
3062,330128
5809,330127
5773,330126
2145,330125
5823,330119
2573,330115
4759,330108
2799,330107
2091,330106
5842,330104
5844,330103
3904,330102
5838,330101
5895,330096
5776,330088
5804,330086
4388,330084
5824,330080
5014,330079
4564,330078
5746,330074
5711,330073
5831,330064
4130,330062
5722,330061
2514,330059
3812,330058
2110,330057
5726,330056
5764,330055
4743,330053
4017,330049
5709,330047
5781,330045
5713,330043
5719,330037
207762,330030
223750,330028
2245,330027
5829,330024
5855,330023
5733,330019
5785,330014
5705,330013
5718,330011
2112,330009
4218,330008
5905,330006
5792,330004
1404,324010
370105,320085
9437,320065
9429,320063
1169,320051
9455,320046
9445,320038
9436,320037
9442,320033
9430,320022
2775,320021
9440,320018
9451,320016
440559,320009
9446,320006
9441,320003
9448,320002
9425,320001
130579,314025
5068,314022
1330,314021
3240,314020
3053,314019
604,314016
3247,314013
3048,314012
3052,314001
5963,310119
5935,310115
5952,310113
5939,310112
5931,310111
2224,310110
5923,310108
5968,310096
208281,310092
5989,310091
113362,310086
5948,310084
5922,310083
6007,310081
5964,310076
5951,310075
5960,310073
5970,310070
5908,310064
5950,310061
5981,310060
3050,310058
478602,310057
5956,310054
5983,310052
5994,310051
80401,310050
5992,310048
5991,310047
5928,310045
5997,310041
5980,310039
5969,310038
5986,310034
5914,310031
5916,310029
5971,310028
5926,310027
5910,310025
5985,310024
303295,310022
6001,310021
5984,310017
5941,310016
5958,310015
5915,310014
5987,310012
5918,310011
3981,310010
5961,310009
5996,310008
5976,310006
5929,310005
5942,310003
5965,310002
5934,310001
3169,304001
5467,300034
5475,300029
395201,300024
5470,300020
5464,300019
5457,300018
5458,300017
5469,300012
5471,300011
5463,300003
2046,294004
3047,294000
479836,290053
406153,290051
418273,290049
388805,290047
395162,290046
479835,290045
161810,290041
224250,290039
5218,290032
9562,290022
9561,290021
9550,290019
9555,290012
9564,290009
9551,290008
9559,290007
9553,290006
9558,290003
9565,290001
1640,284003
8514,283301
399252,280130
158650,280125
8483,280118
8491,280111
8516,280105
4371,280081
4369,280077
8512,280065
8529,280061
3978,280060
4368,280054
8519,280040
8495,280032
8515,280030
4737,280023
8506,280021
8502,280020
186313,280013
8497,280009
244330,280003
1964,274004
9307,270084
9286,270057
9285,270049
9304,270023
9288,270017
9306,270014
9284,270004
9299,270003
2197,270002
3045,264025
8405,264024
1515,264020
1341,264017
3043,264008
1790,264007
1815,264005
8347,263302
8394,263301
467815,260219
426652,260216
410981,260214
344005,260210
427423,260200
8320,260195
5195,260193
8398,260191
5170,260190
8416,260186
8321,260183
8333,260180
2861,260179
8326,260175
8316,260163
5153,260162
8330,260141
8351,260138
8407,260134
8413,260127
325182,260119
8402,260113
8323,260110
8389,260108
8385,260105
4760,260104
8409,260097
8370,260096
8339,260095
8318,260094
8396,260091
8350,260085
8358,260081
37953,260078
8393,260077
8414,260074
8327,260068
4234,260065
2136,260064
8403,260062
8369,260061
8359,260059
8410,260052
8364,260050
3592,260048
8341,260047
8325,260044
8404,260040
8338,260036
8387,260032
8349,260027
4888,260025
4787,260020
8368,260018
4773,260017
8356,260015
388349,260012
8343,260011
8400,260009
2889,260006
8376,260005
1438,254005
8031,250162
8076,250151
4894,250141
56127,250138
8049,250136
5243,250134
4835,250123
8079,250122
8071,250104
8046,250100
8052,250099
8035,250096
8056,250094
2856,250093
8078,250084
8050,250082
309387,250077
8061,250072
236595,250067
8063,250048
8034,250044
8042,250042
8083,250040
8082,250034
8030,250025
78960,250020
8054,250019
2419,250017
2893,250010
8048,250009
8032,250007
8080,250006
8093,250004
236598,250003
2847,250002
8064,250001
16489,243302
309747,240213
298611,240210
5244,240207
2199,240187
2539,240166
8118,240162
8164,240152
8174,240141
8137,240132
8114,240117
125453,240115
8185,240106
8194,240104
4350,240101
3570,240094
8148,240093
8212,240088
4360,240084
8167,240083
2908,240080
8156,240078
8122,240076
8120,240075
8170,240069
8201,240066
4531,240064
298616,240063
8179,240061
8149,240057
8151,240053
3921,240052
8130,240047
8109,240043
8140,240040
8186,240038
8166,240037
8183,240036
8124,240020
8129,240019
185765,240018
8171,240016
8144,240013
8181,240010
8157,240004
8131,240002
8177,240001
3028,234030
3029,234006
7480,233300
5290,230277
4342,230275
7495,230273
7597,230270
7610,230269
7471,230259
7579,230254
7584,230241
7540,230230
3985,230222
2710,230219
7577,230216
7504,230199
159137,230197
7481,230195
7514,230189
480097,230186
36120,230180
7599,230176
7570,230172
7498,230165
7455,230156
7505,230153
7543,230145
7533,230143
7604,230142
7510,230141
7513,230133
7509,230132
7580,230130
7483,230128
7569,230121
7538,230117
2827,230108
7512,230106
7571,230105
7484,230104
7586,230103
7508,230101
7594,230100
7557,230099
7598,230097
7465,230093
7536,230092
461762,230089
4070,230086
7591,230085
7466,230081
7602,230078
7583,230077
5307,230075
7501,230071
7529,230069
7564,230066
7521,230059
1443,230058
7532,230055
7552,230054
7485,230053
7559,230047
7457,230046
7462,230041
7526,230040
277668,230038
7454,230036
400299,230035
7576,230031
7452,230030
7575,230029
7531,230027
7472,230022
7587,230021
7475,230020
7494,230019
7539,230017
7574,230013
7565,230004
7609,230003
7546,230002
52368,224032
3024,224023
3184,224022
3022,224021
3019,224018
3017,224007
2034,224001
5505,223302
5524,223300
5639,220176
5585,220175
5555,220174
5194,220171
5640,220163
4842,220162
5545,220135
5534,220133
5598,220126
5507,220119
5518,220116
33789,220111
5503,220110
5582,220108
5634,220105
5592,220101
5616,220100
5499,220098
5550,220095
5581,220090
5517,220088
5501,220086
5540,220084
5586,220083
5565,220082
5584,220081
5578,220080
2768,220077
5544,220074
5619,220073
5513,220071
5575,220070
5605,220067
5617,220066
5630,220065
5564,220063
5603,220060
5526,220052
5594,220051
51828,220049
5602,220046
5552,220038
5525,220036
5570,220035
5515,220031
5599,220030
5591,220029
5557,220024
5543,220020
5615,220019
5504,220017
5553,220016
5595,220015
5559,220012
5532,220011
5562,220010
5498,220008
83661,220001
1917,214018
3230,214012
1730,214004
3016,214003
3014,214002
2041,214000
87174,210061
35331,210060
6251,210058
6297,210057
6249,210056
5154,210055
6287,210051
6279,210049
6273,210048
6248,210044
6282,210043
6294,210040
6293,210039
6254,210038
6276,210037
6286,210035
6261,210034
6301,210033
6277,210032
6271,210030
3956,210029
6288,210028
6275,210027
6262,210024
6241,210023
6267,210022
6290,210018
6289,210017
6302,210016
6247,210015
6243,210013
6260,210012
6258,210011
6252,210009
6255,210008
6280,210005
6300,210004
6264,210002
6283,210001
5106,204006
3013,204004
5448,200063
1555,200058
5435,200052
5432,200050
445037,200040
175620,200039
5433,200037
5438,200034
5417,200033
1916,200031
370691,200028
5437,200024
5038,200021
5422,200019
2406,200018
5446,200008
5418,200001
3010,194031
1966,194008
1511,194007
8767,193300
411165,190270
393491,190263
361015,190250
5013,190242
5279,190206
8738,190205
5259,190204
5276,190202
8815,190201
5167,190183
5155,190177
8780,190176
8745,190175
8810,190167
8748,190164
453587,190161
8757,190146
8758,190144
8778,190135
8701,190128
8761,190125
8699,190122
8805,190111
8791,190109
8782,190106
8740,190102
8753,190099
8796,190098
8806,190088
8794,190086
33618,190079
8698,190065
8700,190064
8743,190060
8765,190054
8733,190053
8715,190050
8779,190046
8710,190045
48483,190041
8804,190040
8754,190039
8777,190036
8690,190034
8744,190027
8691,190026
8749,190025
3925,190020
8692,190019
8785,190017
8726,190015
8762,190014
8807,190013
8759,190011
8730,190010
8788,190009
8729,190008
4008,190007
8737,190006
8766,190005
8808,190004
8763,190003
8739,190002
8704,190001
3009,184015
1439,184014
1359,184012
3425,184007
3008,184004
1787,184002
5203,180149
464753,180143
7767,180141
139696,180139
4852,180132
7766,180130
7762,180128
7743,180127
7728,180124
7783,180122
5053,180117
7778,180116
7784,180115
7798,180105
7788,180104
7756,180103
7787,180102
7744,180101
4694,180095
297374,180094
7776,180093
7801,180092
7770,180088
7731,180087
2853,180079
7789,180078
183333,180070
4670,180069
7760,180067
7795,180066
4699,180064
7726,180063
7751,180056
4304,180055
7739,180053
7752,180051
7747,180050
7737,180048
7790,180046
50493,180043
7765,180040
7786,180038
7725,180036
7735,180035
7777,180032
7750,180029
2293,180027
7727,180025
2294,180024
7781,180020
7779,180019
7782,180018
7745,180017
7797,180016
7729,180013
7738,180012
7761,180011
366798,180010
7724,180009
2850,180004
7799,180002
7742,180001
3004,174016
3186,174006
3006,174004
250035,170185
8348,170182
8589,170176
4851,170175
8566,170146
8540,170145
8570,170137
8572,170133
8612,170123
8609,170122
8563,170116
8592,170109
8591,170104
8605,170086
8564,170074
8575,170068
8551,170058
8587,170049
8567,170040
8553,170023
8544,170017
8604,170016
8590,170014
8562,170010
8573,170009
8595,170006
3000,164003
2999,164002
8301,160153
8257,160122
8251,160117
8306,160110
8245,160101
8292,160089
8248,160083
4934,160080
4282,160079
2405,160069
5285,160067
8278,160064
3740,160062
8266,160058
8291,160050
8236,160047
8227,160045
8226,160040
56709,160033
8218,160030
8265,160029
8237,160028
8281,160013
8269,160008
1357,154047
5050,154041
2996,154008
458899,150169
463691,150168
456602,150167
432637,150164
7219,150163
425256,150161
404006,150158
394834,150157
371189,150154
333492,150150
7181,150146
7230,150133
7140,150130
7179,150128
7205,150125
7235,150124
4709,150122
7180,150115
7133,150113
7229,150105
7187,150104
5099,150102
2216,150101
4073,150100
5077,150096
7170,150091
7200,150089
2894,150088
7178,150084
7209,150076
7138,150075
7172,150074
2904,150067
7217,150065
7231,150061
7220,150058
188549,150056
7216,150052
7137,150051
7141,150050
7135,150049
7159,150047
7224,150046
7160,150043
7228,150042
7193,150038
7227,150035
7162,150034
7210,150031
7163,150026
7173,150024
7158,150021
3820,150020
7157,150017
7221,150012
7183,150010
4719,150009
7151,150008
7182,150007
4707,150006
1395,144037
263831,144031
7256,144029
2991,144026
1502,144021
1628,144016
1594,144010
2992,144009
2986,144005
7284,143301
7269,143300
309785,140294
5192,140292
5173,140290
7380,140289
7325,140286
7267,140281
7421,140280
7288,140276
7331,140275
7340,140258
4656,140252
7444,140242
7418,140239
7419,140233
7394,140231
7420,140228
4744,140220
7338,140217
7365,140213
5291,140211
7353,140210
7408,140209
7397,140208
7296,140206
382957,140203
7372,140202
7341,140200
7374,140199
7257,140189
7242,140187
7378,140184
4068,140182
7344,140179
7283,140177
7447,140176
7240,140174
4287,140170
2825,140168
4480,140167
4605,140166
7252,140164
7248,140162
7412,140161
7367,140155
7282,140150
7431,140148
7250,140145
4672,140144
4632,140135
3918,140130
7390,140129
7351,140125
7359,140122
7407,140120
7297,140119
7249,140118
7375,140116
4968,140113
7402,140110
7448,140100
7279,140095
4928,140093
7376,140089
7315,140088
7442,140084
7285,140083
7286,140082
7332,140077
7410,140067
7370,140065
7349,140064
7398,140063
7306,140062
4752,140061
7363,140059
7362,140058
7246,140054
7432,140053
7237,140052
7429,140051
7391,140046
7435,140043
7348,140040
7254,140034
7335,140032
7339,140030
7239,140029
7436,140026
7294,140018
7346,140016
4738,140015
7409,140013
7357,140011
7343,140010
7400,140008
7364,140007
7373,140004
4286,140002
4661,140001
203104,134010
9316,130049
2208,130028
2824,130026
9320,130018
9315,130014
9327,130013
9323,130011
9313,130007
9314,130006
9322,130003
9336,130002
10241,124000
10232,123300
180066,120028
10224,120026
10237,120022
10226,120019
3806,120014
2840,120011
10234,120007
10240,120006
4468,120005
4193,120004
10230,120002
10235,120001
250089,114032
1746,114029
2984,114028
63849,114021
1531,114019
2982,114015
1754,114013
3157,114012
2021,114010
2983,114008
6716,110229
414375,110226
50515,110225
340062,110219
165168,110215
2218,110205
5086,110203
6708,110201
5273,110200
5248,110198
6681,110194
4811,110192
6729,110191
5164,110189
6678,110187
4854,110186
6684,110184
6727,110183
6658,110177
6721,110168
6719,110165
6706,110164
6649,110161
6717,110153
6712,110150
77953,110146
6660,110143
6672,110142
666,110136
192920,110130
6673,110129
6740,110128
6685,110125
6704,110124
6738,110122
6663,110121
4680,110115
6747,110113
2161,110112
6707,110107
6714,110105
6675,110104
6633,110101
6751,110100
82160,110098
137523,110096
6735,110095
6750,110091
6682,110089
6705,110087
6723,110086
4277,110083
6652,110082
3506,110079
6642,110078
3735,110076
6728,110075
6637,110074
6744,110069
2070,110064
35728,110063
6720,110054
180336,110051
72371,110050
4195,110046
5240,110045
6725,110043
2760,110042
4278,110041
3640,110040
6657,110039
6733,110038
6724,110036
6711,110035
6656,110034
6737,110032
6697,110031
6669,110030
6659,110028
2383,110027
6688,110026
6662,110025
6726,110024
5178,110023
6676,110018
2451,110016
6741,110015
6668,110011
6689,110010
6667,110008
2842,110004
6746,110003
6679,110001
1605,104065
4978,104057
2976,104024
2969,104017
2043,104016
2970,104015
258585,104001
6857,103301
6908,103300
458133,100307
430019,100302
397202,100299
397312,100296
387207,100292
379413,100291
385115,100290
334451,100289
333951,100287
342255,100286
414430,100285
5091,100281
5297,100276
5294,100275
6882,100269
5289,100268
6950,100267
5258,100264
6897,100260
6954,100259
5215,100258
5202,100256
6928,100254
6951,100253
5172,100252
6779,100249
6838,100248
6797,100246
6885,100242
6911,100239
6913,100238
4839,100236
6945,100234
6881,100232
6892,100231
6883,100230
4832,100228
6874,100226
4834,100224
6798,100223
6919,100217
6763,100213
6872,100212
6783,100211
6846,100209
6802,100204
6792,100200
6955,100191
6844,100189
6953,100187
6952,100183
6923,100181
6916,100180
6824,100179
6775,100177
6884,100176
6753,100175
6936,100173
6760,100168
6895,100167
6917,100161
6815,100160
6834,100157
6831,100156
6924,100154
369946,100151
5151,100150
6841,100146
6845,100142
6789,100140
6806,100137
4223,100135
6896,100132
6803,100131
6758,100130
6934,100128
2776,100127
6812,100125
6864,100124
6777,100122
6757,100121
6826,100117
6804,100113
6830,100110
6755,100109
6837,100107
6942,100105
6925,100103
6832,100102
375361,100099
6888,100093
6904,100092
6906,100090
6816,100088
6920,100087
6900,100086
4768,100084
6836,100080
6902,100077
6856,100076
6931,100075
6794,100073
6785,100072
6766,100071
2175,100070
6879,100068
6915,100067
6867,100062
6788,100057
6937,100055
6869,100054
6807,100053
4682,100052
6772,100051
6810,100050
6921,100049
6899,100047
6780,100046
142459,100045
6926,100044
6787,100043
6823,100040
6791,100039
6811,100038
6764,100035
6860,100034
6912,100032
6948,100030
6855,100029
6938,100028
6886,100026
6891,100025
6843,100024
6814,100023
6850,100022
6847,100019
6866,100018
6782,100017
6865,100014
333943,100010
6849,100009
6852,100008
6876,100006
6762,100002
6819,100001
3322,94004
6304,93300
6308,90011
472805,90008
6313,90006
6314,90005
6309,90004
6307,90003
6310,90001
1428,84003
1510,84001
6236,83300
6233,80007
6235,80006
286234,80004
6239,80003
6237,80001
2962,74008
1509,74003
5680,73300
5667,70036
5675,70035
5685,70034
5663,70033
5662,70029
5661,70028
5670,70027
2649,70025
5687,70024
5677,70022
5703,70021
5673,70020
5674,70019
5666,70018
5671,70017
5701,70016
5684,70015
5689,70012
5697,70011
5659,70010
5694,70008
5681,70007
5696,70006
5702,70005
5691,70004
5688,70003
5669,70002
2963,64009
3167,64007
1506,64003
9375,63301
450521,60119
464572,60118
413266,60116
1519,60115
394544,60114
392540,60113
380886,60112
464573,60104
4996,60103
117144,60100
9416,60096
9413,60076
9393,60075
9373,60071
9385,60065
9381,60064
5089,60054
2360,60049
9391,60044
4666,60036
9389,60034
9378,60032
1769,60031
9402,60030
9382,60028
9361,60027
9384,60024
9395,60023
9368,60022
9407,60020
2877,60016
4265,60015
3590,60014
9387,60013
9406,60012
9376,60011
9390,60010
9418,60009
9405,60006
9363,60004
9400,60003
9396,60001
2948,54144
1434,54133
5094,54131
5101,54130
1645,54123
2932,54122
1988,54114
4962,54110
3202,54095
1563,54087
10014,54078
310111,54075
1546,54074
2927,54055
2953,54053
2944,54032
2936,54009
10151,53305
9999,53304
2789,53303
9922,53302
9987,53301
9835,53300
476727,50764
470962,50761
457191,50760
4927,50758
4969,50748
10118,50746
10002,50745
345684,50740
9872,50739
10194,50735
434040,50732
362519,50727
250744,50724
125213,50723
124939,50714
77045,50710
10077,50704
46573,50701
5033,50696
471088,50694
4999,50690
4953,50689
4873,50688
5150,50686
4958,50684
5282,50678
10198,50677
1375,50674
5283,50674
4711,50641
2866,50636
4860,50633
9792,50625
10137,50624
4664,50616
10146,50615
9728,50609
10104,50604
9879,50603
10055,50599
9848,50597
9736,50594
9971,50591
2916,50590
10022,50589
10075,50588
10066,50583
9885,50581
9890,50580
10008,50573
9830,50570
9962,50567
9873,50561
2332,50557
9912,50551
10158,50549
9803,50543
9808,50537
10120,50535
9871,50534
9757,50531
9949,50528
9867,50526
9734,50523
5052,50516
9889,50515
9860,50512
10115,50510
10110,50506
4758,50503
9938,50502
9745,50498
9796,50496
2121,50492
9780,50488
9908,50485
9774,50481
9884,50476
9927,50471
9841,50468
4877,50464
10091,50457
9750,50455
10095,50454
9961,50444
10010,50441
10013,50438
9822,50435
9793,50434
9972,50432
10052,50425
9882,50424
2841,50419
9805,50417
9823,50414
9857,50411
10080,50407
2505,50396
9864,50390
10101,50380
4654,50378
10162,50376
9931,50373
10188,50369
9825,50367
10059,50366
10116,50360
10165,50359
10122,50357
4676,50353
10156,50352
10161,50351
10000,50348
9897,50336
4671,50335
10058,50334
9799,50329
9898,50327
9880,50324
33788,50320
9748,50315
10163,50313
10048,50309
9911,50308
2073,50305
10166,50301
9753,50298
2388,50296
2786,50295
9739,50292
10135,50291
10128,50290
10087,50289
9894,50283
9727,50281
10033,50280
2915,50279
10076,50278
10036,50272
9944,50262
396359,50261
5084,50257
10023,50254
4734,50251
4549,50248
10009,50243
5144,50242
9846,50239
9932,50238
2088,50236
4546,50235
2563,50234
10108,50232
10026,50231
9843,50230
10092,50228
9732,50226
10011,50225
2810,50222
10200,50217
9725,50211
9892,50204
10039,50197
9856,50196
9981,50195
10184,50194
4619,50191
9877,50189
10182,50180
2719,50179
10134,50174
10191,50169
9838,50168
9831,50167
10178,50159
470979,50158
10102,50153
10088,50152
9851,50150
9920,50149
9778,50145
9826,50140
9755,50139
9929,50138
10172,50137
10018,50136
5149,50133
10096,50132
9986,50131
10060,50129
9995,50128
10197,50127
10100,50125
10152,50122
9854,50121
9955,50118
9983,50116
4648,50115
1596,50113
10129,50112
9943,50111
4651,50110
2902,50108
4674,50107
9953,50104
9947,50103
9740,50102
10171,50101
3910,50100
10169,50099
9833,50093
10143,50090
10061,50089
10005,50082
10111,50079
2720,50078
10070,50077
10084,50076
85010,50075
10170,50073
10183,50072
10123,50071
10001,50069
4729,50067
4930,50063
9832,50060
9847,50058
10180,50057
9891,50056
10090,50055
9752,50054
5152,50047
9816,50045
10032,50042
10054,50040
9785,50039
4779,50038
9747,50036
9853,50026
10071,50025
9975,50024
10046,50022
9925,50018
9741,50016
4547,50014
10099,50013
9974,50009
9770,50007
9862,50002
1852,44013
1536,44011
8657,43300
407738,40147
140310,40134
8653,40118
8656,40114
242522,40109
8616,40106
8634,40088
8644,40085
8671,40080
8647,40078
8674,40070
8621,40069
8615,40066
8641,40062
8642,40055
8625,40050
8687,40042
8678,40041
8675,40039
8673,40036
8627,40029
8648,40026
8682,40022
8652,40020
8640,40019
8685,40018
8662,40016
8677,40010
8638,40004
1572,34021
2921,34013
1481,34000
430380,30119
441098,30117
400844,30115
409996,30114
427425,30112
398269,30111
385313,30110
304243,30105
261796,30103
5042,30101
9496,30094
4874,30093
9467,30089
9478,30088
5231,30085
9497,30083
9508,30073
9473,30069
9476,30065
9514,30064
9505,30061
9506,30043
4696,30040
9459,30036
9483,30033
9484,30030
9509,30011
9510,30010
9489,30002
9491,30001
1526,24002
10217,20027
10206,20026
10222,20024
10207,20017
10212,20012
10214,20008
4250,20004
10208,20001
196197,14013
95728,14012
2919,14000
7937,13300
431744,10168
4156,10164
8009,10158
8015,10157
7976,10150
5161,10149
95458,10146
7995,10144
7938,10139
7982,10131
8018,10126
8024,10125
7996,10120
7989,10119
8012,10118
7933,10114
7992,10113
8007,10108
7935,10104
7934,10103
8016,10101
7967,10100
7947,10099
7993,10090
7985,10089
7990,10087
8022,10086
7955,10085
7968,10083
7930,10079
7927,10078
7925,10065
3887,10061
8027,10059
7943,10056
7959,10055
7956,10054
293756,10050
7962,10049
7973,10046
3781,10045
4252,10044
7971,10040
7978,10039
7928,10038
7926,10036
7953,10035
2814,10033
8003,10029
3814,10025
7997,10024
7950,10022
8014,10019
7924,10016
7970,10012
7939,10011
3989,10006
7960,10001